,pnl,pnl %,order count,order diff,close diff,correlation,pair
0,2.2926546848789258,0.19525747420551756,1,0.01,0.0,0.9998143931140121,"['GOOG', 'GOOGL']"
1,3176.740984320673,270.5520481975074,305,0.01,0.005,0.9998143931140121,"['GOOG', 'GOOGL']"
2,39.87779845888258,3.396254244179512,1,0.014444444444444444,0.0,0.9998143931140121,"['GOOG', 'GOOGL']"
3,3088.7105878842012,263.0548036386725,182,0.014444444444444444,0.005,0.9998143931140121,"['GOOG', 'GOOGL']"
4,2775.885244426084,236.41255051875652,252,0.014444444444444444,0.01,0.9998143931140121,"['GOOG', 'GOOGL']"
5,14.792964219692067,1.2598656259052834,1,0.01888888888888889,0.0,0.9998143931140121,"['GOOG', 'GOOGL']"
6,2828.710584398076,240.91150211622474,122,0.01888888888888889,0.005,0.9998143931140121,"['GOOG', 'GOOGL']"
7,2576.846518844487,219.46111030297888,145,0.01888888888888889,0.01,0.9998143931140121,"['GOOG', 'GOOGL']"
8,2697.5356949425404,229.73979022991054,246,0.01888888888888889,0.015,0.9998143931140121,"['GOOG', 'GOOGL']"
9,20.722162410593455,1.7648349396248801,1,0.02333333333333333,0.0,0.9998143931140121,"['GOOG', 'GOOGL']"
10,2848.423430120072,242.59037704251276,100,0.02333333333333333,0.005,0.9998143931140121,"['GOOG', 'GOOGL']"
11,2615.382836910524,222.74311529936242,113,0.02333333333333333,0.01,0.9998143931140121,"['GOOG', 'GOOGL']"
12,2590.3147497685386,220.60815297346537,147,0.02333333333333333,0.015,0.9998143931140121,"['GOOG', 'GOOGL']"
13,2424.8066053174853,206.51239644323098,228,0.02333333333333333,0.02,0.9998143931140121,"['GOOG', 'GOOGL']"
14,27.56303950431993,2.3474487939838293,1,0.027777777777777776,0.0,0.9998143931140121,"['GOOG', 'GOOGL']"
15,2705.091531330976,230.3832946959108,80,0.027777777777777776,0.005,0.9998143931140121,"['GOOG', 'GOOGL']"
16,2550.8994908927025,217.25129162665561,89,0.027777777777777776,0.01,0.9998143931140121,"['GOOG', 'GOOGL']"
17,2504.7329935185935,213.31945063479677,107,0.027777777777777776,0.015,0.9998143931140121,"['GOOG', 'GOOGL']"
18,2347.044191419608,199.88964046259127,134,0.027777777777777776,0.02,0.9998143931140121,"['GOOG', 'GOOGL']"
19,94.40210863682955,8.039901261046488,1,0.03222222222222222,0.0,0.9998143931140121,"['GOOG', 'GOOGL']"
20,2311.0947066836825,196.8279471187036,57,0.03222222222222222,0.005,0.9998143931140121,"['GOOG', 'GOOGL']"
21,2218.710337996292,188.95988979417731,61,0.03222222222222222,0.01,0.9998143931140121,"['GOOG', 'GOOGL']"
22,2104.050253035801,179.19468671791995,67,0.03222222222222222,0.015,0.9998143931140121,"['GOOG', 'GOOGL']"
23,1977.134511368424,168.38571172559543,73,0.03222222222222222,0.02,0.9998143931140121,"['GOOG', 'GOOGL']"
24,94.40210863682955,8.039901261046488,1,0.03666666666666667,0.0,0.9998143931140121,"['GOOG', 'GOOGL']"
25,1925.8067278304586,164.01430183282307,41,0.03666666666666667,0.005,0.9998143931140121,"['GOOG', 'GOOGL']"
26,1904.3839743558658,162.18979997409792,44,0.03666666666666667,0.01,0.9998143931140121,"['GOOG', 'GOOGL']"
27,1876.7523638072387,159.83651122130854,48,0.03666666666666667,0.015,0.9998143931140121,"['GOOG', 'GOOGL']"
28,1809.5257358188458,154.11105170621337,51,0.03666666666666667,0.02,0.9998143931140121,"['GOOG', 'GOOGL']"
29,94.40210863682955,8.039901261046488,1,0.04111111111111111,0.0,0.9998143931140121,"['GOOG', 'GOOGL']"
30,1671.9655493923613,142.39552614973653,32,0.04111111111111111,0.005,0.9998143931140121,"['GOOG', 'GOOGL']"
31,1689.0365952146924,143.84940811080952,34,0.04111111111111111,0.01,0.9998143931140121,"['GOOG', 'GOOGL']"
32,1687.3368171738928,143.70464389090955,37,0.04111111111111111,0.015,0.9998143931140121,"['GOOG', 'GOOGL']"
33,1691.425404441197,144.05285473493592,40,0.04111111111111111,0.02,0.9998143931140121,"['GOOG', 'GOOGL']"
34,94.40210863682955,8.039901261046488,1,0.04555555555555556,0.0,0.9998143931140121,"['GOOG', 'GOOGL']"
35,1556.630004788619,132.57279651060912,27,0.04555555555555556,0.005,0.9998143931140121,"['GOOG', 'GOOGL']"
36,1599.522072897231,136.22576568105393,29,0.04555555555555556,0.01,0.9998143931140121,"['GOOG', 'GOOGL']"
37,1617.7972411470448,137.78219858683536,31,0.04555555555555556,0.015,0.9998143931140121,"['GOOG', 'GOOGL']"
38,1657.3615392302866,141.15175308773743,34,0.04555555555555556,0.02,0.9998143931140121,"['GOOG', 'GOOGL']"
39,94.40210863682955,8.039901261046488,1,0.05,0.0,0.9998143931140121,"['GOOG', 'GOOGL']"
40,1315.3064559447243,112.02010406880811,21,0.05,0.005,0.9998143931140121,"['GOOG', 'GOOGL']"
41,1361.0706574140586,115.91768290912377,23,0.05,0.01,0.9998143931140121,"['GOOG', 'GOOGL']"
42,1411.6914375075157,120.22887976251442,25,0.05,0.015,0.9998143931140121,"['GOOG', 'GOOGL']"
43,1422.18715240156,121.12276351819243,27,0.05,0.02,0.9998143931140121,"['GOOG', 'GOOGL']"
44,0.0,,0,0.01,0.0,0.9900234764057819,"['AVB', 'AIV']"
45,0.0,,0,0.01,0.005,0.9900234764057819,"['AVB', 'AIV']"
46,0.0,,0,0.014444444444444444,0.0,0.9900234764057819,"['AVB', 'AIV']"
47,0.0,,0,0.014444444444444444,0.005,0.9900234764057819,"['AVB', 'AIV']"
48,0.0,,0,0.014444444444444444,0.01,0.9900234764057819,"['AVB', 'AIV']"
49,0.0,,0,0.01888888888888889,0.0,0.9900234764057819,"['AVB', 'AIV']"
50,0.0,,0,0.01888888888888889,0.005,0.9900234764057819,"['AVB', 'AIV']"
51,0.0,,0,0.01888888888888889,0.01,0.9900234764057819,"['AVB', 'AIV']"
52,0.0,,0,0.01888888888888889,0.015,0.9900234764057819,"['AVB', 'AIV']"
53,0.0,,0,0.02333333333333333,0.0,0.9900234764057819,"['AVB', 'AIV']"
54,0.0,,0,0.02333333333333333,0.005,0.9900234764057819,"['AVB', 'AIV']"
55,0.0,,0,0.02333333333333333,0.01,0.9900234764057819,"['AVB', 'AIV']"
56,0.0,,0,0.02333333333333333,0.015,0.9900234764057819,"['AVB', 'AIV']"
57,0.0,,0,0.02333333333333333,0.02,0.9900234764057819,"['AVB', 'AIV']"
58,0.0,,0,0.027777777777777776,0.0,0.9900234764057819,"['AVB', 'AIV']"
59,0.0,,0,0.027777777777777776,0.005,0.9900234764057819,"['AVB', 'AIV']"
60,0.0,,0,0.027777777777777776,0.01,0.9900234764057819,"['AVB', 'AIV']"
61,0.0,,0,0.027777777777777776,0.015,0.9900234764057819,"['AVB', 'AIV']"
62,0.0,,0,0.027777777777777776,0.02,0.9900234764057819,"['AVB', 'AIV']"
63,0.0,,0,0.03222222222222222,0.0,0.9900234764057819,"['AVB', 'AIV']"
64,0.0,,0,0.03222222222222222,0.005,0.9900234764057819,"['AVB', 'AIV']"
65,0.0,,0,0.03222222222222222,0.01,0.9900234764057819,"['AVB', 'AIV']"
66,0.0,,0,0.03222222222222222,0.015,0.9900234764057819,"['AVB', 'AIV']"
67,0.0,,0,0.03222222222222222,0.02,0.9900234764057819,"['AVB', 'AIV']"
68,0.0,,0,0.03666666666666667,0.0,0.9900234764057819,"['AVB', 'AIV']"
69,0.0,,0,0.03666666666666667,0.005,0.9900234764057819,"['AVB', 'AIV']"
70,0.0,,0,0.03666666666666667,0.01,0.9900234764057819,"['AVB', 'AIV']"
71,0.0,,0,0.03666666666666667,0.015,0.9900234764057819,"['AVB', 'AIV']"
72,0.0,,0,0.03666666666666667,0.02,0.9900234764057819,"['AVB', 'AIV']"
73,0.0,,0,0.04111111111111111,0.0,0.9900234764057819,"['AVB', 'AIV']"
74,0.0,,0,0.04111111111111111,0.005,0.9900234764057819,"['AVB', 'AIV']"
75,0.0,,0,0.04111111111111111,0.01,0.9900234764057819,"['AVB', 'AIV']"
76,0.0,,0,0.04111111111111111,0.015,0.9900234764057819,"['AVB', 'AIV']"
77,0.0,,0,0.04111111111111111,0.02,0.9900234764057819,"['AVB', 'AIV']"
78,0.0,,0,0.04555555555555556,0.0,0.9900234764057819,"['AVB', 'AIV']"
79,0.0,,0,0.04555555555555556,0.005,0.9900234764057819,"['AVB', 'AIV']"
80,0.0,,0,0.04555555555555556,0.01,0.9900234764057819,"['AVB', 'AIV']"
81,0.0,,0,0.04555555555555556,0.015,0.9900234764057819,"['AVB', 'AIV']"
82,0.0,,0,0.04555555555555556,0.02,0.9900234764057819,"['AVB', 'AIV']"
83,0.0,,0,0.05,0.0,0.9900234764057819,"['AVB', 'AIV']"
84,0.0,,0,0.05,0.005,0.9900234764057819,"['AVB', 'AIV']"
85,0.0,,0,0.05,0.01,0.9900234764057819,"['AVB', 'AIV']"
86,0.0,,0,0.05,0.015,0.9900234764057819,"['AVB', 'AIV']"
87,0.0,,0,0.05,0.02,0.9900234764057819,"['AVB', 'AIV']"
88,-3.6637717546362367,-5.2474531003097065,1,0.01,0.0,0.9933936551570364,"['C', 'KEY']"
89,130.29815541410383,186.6201022831622,203,0.01,0.005,0.9933936551570364,"['C', 'KEY']"
90,-3.4765849486887177,-4.979353979789055,1,0.014444444444444444,0.0,0.9933936551570364,"['C', 'KEY']"
91,142.22895195996205,203.70803775417082,139,0.014444444444444444,0.005,0.9933936551570364,"['C', 'KEY']"
92,156.44835138137532,224.07383469117065,232,0.014444444444444444,0.01,0.9933936551570364,"['C', 'KEY']"
93,-3.211806368699129,-4.600123701946619,1,0.01888888888888889,0.0,0.9933936551570364,"['C', 'KEY']"
94,141.35067410706256,202.4501204627078,104,0.01888888888888889,0.005,0.9933936551570364,"['C', 'KEY']"
95,157.08983104163005,224.99259673679472,145,0.01888888888888889,0.01,0.9933936551570364,"['C', 'KEY']"
96,173.42080680447975,248.3827081129759,258,0.01888888888888889,0.015,0.9933936551570364,"['C', 'KEY']"
97,-2.9810621534870023,-4.2696392917315995,1,0.02333333333333333,0.0,0.9933936551570364,"['C', 'KEY']"
98,131.30102232428652,188.05646279617093,79,0.02333333333333333,0.005,0.9933936551570364,"['C', 'KEY']"
99,150.06757980398132,214.93494672583978,107,0.02333333333333333,0.01,0.9933936551570364,"['C', 'KEY']"
100,161.28913582139435,231.0070693517536,145,0.02333333333333333,0.015,0.9933936551570364,"['C', 'KEY']"
101,173.09486617121524,247.91587821715163,265,0.02333333333333333,0.02,0.9933936551570364,"['C', 'KEY']"
102,-2.7260176991150473,-3.9043507578273386,1,0.027777777777777776,0.0,0.9933936551570364,"['C', 'KEY']"
103,138.14428138928776,197.85775048594638,69,0.027777777777777776,0.005,0.9933936551570364,"['C', 'KEY']"
104,153.0484449698268,219.2043038811613,87,0.027777777777777776,0.01,0.9933936551570364,"['C', 'KEY']"
105,158.11180039644557,226.45631680957544,103,0.027777777777777776,0.015,0.9933936551570364,"['C', 'KEY']"
106,165.5354293289131,237.0888417773032,148,0.027777777777777776,0.02,0.9933936551570364,"['C', 'KEY']"
107,-2.4180479148181035,-3.4632596889402802,1,0.03222222222222222,0.0,0.9933936551570364,"['C', 'KEY']"
108,136.3081155186544,195.22789389666917,59,0.03222222222222222,0.005,0.9933936551570364,"['C', 'KEY']"
109,150.37256364513502,215.3717611646162,72,0.03222222222222222,0.01,0.9933936551570364,"['C', 'KEY']"
110,153.22912604335653,219.4630851380071,82,0.03222222222222222,0.015,0.9933936551570364,"['C', 'KEY']"
111,161.798765485707,231.73698866471932,107,0.03222222222222222,0.02,0.9933936551570364,"['C', 'KEY']"
112,-2.2274824561403435,-3.1903214782875158,1,0.03666666666666667,0.0,0.9933936551570364,"['C', 'KEY']"
113,144.7327348541663,207.29409174185952,56,0.03666666666666667,0.005,0.9933936551570364,"['C', 'KEY']"
114,154.6269841214821,221.46517347677187,65,0.03666666666666667,0.01,0.9933936551570364,"['C', 'KEY']"
115,154.14825772829693,220.7795155088756,71,0.03666666666666667,0.015,0.9933936551570364,"['C', 'KEY']"
116,162.28614340032283,232.4350378119777,88,0.03666666666666667,0.02,0.9933936551570364,"['C', 'KEY']"
117,6.480771253286598,9.282112937964191,1,0.04111111111111111,0.0,0.9933936551570364,"['C', 'KEY']"
118,136.67508269002673,195.7534842309177,47,0.04111111111111111,0.005,0.9933936551570364,"['C', 'KEY']"
119,142.4709376300231,204.0546227872001,53,0.04111111111111111,0.01,0.9933936551570364,"['C', 'KEY']"
120,144.97784796367336,207.64515606369716,58,0.04111111111111111,0.015,0.9933936551570364,"['C', 'KEY']"
121,146.15243560454252,209.32746434337227,66,0.04111111111111111,0.02,0.9933936551570364,"['C', 'KEY']"
122,-1.5891802773497687,-2.2761103943709093,1,0.04555555555555556,0.0,0.9933936551570364,"['C', 'KEY']"
123,117.20453018840757,167.86670035578283,37,0.04555555555555556,0.005,0.9933936551570364,"['C', 'KEY']"
124,127.74558293049316,182.96416919291488,43,0.04555555555555556,0.01,0.9933936551570364,"['C', 'KEY']"
125,131.4906697940133,188.3280862131385,47,0.04555555555555556,0.015,0.9933936551570364,"['C', 'KEY']"
126,129.79524194447282,185.89980226936814,52,0.04555555555555556,0.02,0.9933936551570364,"['C', 'KEY']"
127,-1.396914338348175,-2.000736663345997,1,0.05,0.0,0.9933936551570364,"['C', 'KEY']"
128,101.36788801823992,145.18460042715543,29,0.05,0.005,0.9933936551570364,"['C', 'KEY']"
129,112.99515492112918,161.83780424109023,34,0.05,0.01,0.9933936551570364,"['C', 'KEY']"
130,120.38840040105426,172.42681237618774,38,0.05,0.015,0.9933936551570364,"['C', 'KEY']"
131,120.59069641144661,172.71655172077718,42,0.05,0.02,0.9933936551570364,"['C', 'KEY']"
132,-0.7888305201515671,-2.1899792341798086,1,0.01,0.0,0.9934320300645543,"['CFG', 'FITB']"
133,66.15213446642201,183.65389912943365,196,0.01,0.005,0.9934320300645543,"['CFG', 'FITB']"
134,-0.6694823364812876,-1.858640578793136,1,0.014444444444444444,0.0,0.9934320300645543,"['CFG', 'FITB']"
135,70.56500655843178,195.90507095622368,137,0.014444444444444444,0.005,0.9934320300645543,"['CFG', 'FITB']"
136,82.76963037611497,229.78797994479447,237,0.014444444444444444,0.01,0.9934320300645543,"['CFG', 'FITB']"
137,-0.5531183557760428,-1.5355867733926785,1,0.01888888888888889,0.0,0.9934320300645543,"['CFG', 'FITB']"
138,72.50814994083723,201.29969444985346,103,0.01888888888888889,0.005,0.9934320300645543,"['CFG', 'FITB']"
139,83.04623616017395,230.5559027211936,151,0.01888888888888889,0.01,0.9934320300645543,"['CFG', 'FITB']"
140,95.83668345688736,266.0651956049066,273,0.01888888888888889,0.015,0.9934320300645543,"['CFG', 'FITB']"
141,-0.4432468694096592,-1.230557660770847,1,0.02333333333333333,0.0,0.9934320300645543,"['CFG', 'FITB']"
142,69.85131555070231,193.9236966982296,81,0.02333333333333333,0.005,0.9934320300645543,"['CFG', 'FITB']"
143,79.89212740953144,221.7993542741017,110,0.02333333333333333,0.01,0.9934320300645543,"['CFG', 'FITB']"
144,86.73390195058298,240.79373112321755,150,0.02333333333333333,0.015,0.9934320300645543,"['CFG', 'FITB']"
145,89.81699823439303,249.35313224428933,240,0.02333333333333333,0.02,0.9934320300645543,"['CFG', 'FITB']"
146,-0.32281699108604656,-0.8962159663688133,1,0.027777777777777776,0.0,0.9934320300645543,"['CFG', 'FITB']"
147,73.19606227315487,203.20950103596576,69,0.027777777777777776,0.005,0.9934320300645543,"['CFG', 'FITB']"
148,84.67459300296107,235.07660467229613,87,0.027777777777777776,0.01,0.9934320300645543,"['CFG', 'FITB']"
149,86.90911915621439,241.28017533651965,107,0.027777777777777776,0.015,0.9934320300645543,"['CFG', 'FITB']"
150,86.0523236683499,238.9015093513323,140,0.027777777777777776,0.02,0.9934320300645543,"['CFG', 'FITB']"
151,-0.19479817824611345,-0.540805603126356,1,0.03222222222222222,0.0,0.9934320300645543,"['CFG', 'FITB']"
152,72.84645185190737,202.2389001996318,58,0.03222222222222222,0.005,0.9934320300645543,"['CFG', 'FITB']"
153,84.27992636546894,233.98091717231796,71,0.03222222222222222,0.01,0.9934320300645543,"['CFG', 'FITB']"
154,89.04360453550021,247.2060092601338,87,0.03222222222222222,0.015,0.9934320300645543,"['CFG', 'FITB']"
155,84.11124879456514,233.51262852461173,99,0.03222222222222222,0.02,0.9934320300645543,"['CFG', 'FITB']"
156,-0.1026734620886991,-0.285045702633812,1,0.03666666666666667,0.0,0.9934320300645543,"['CFG', 'FITB']"
157,70.91130978234347,196.8664902341573,51,0.03666666666666667,0.005,0.9934320300645543,"['CFG', 'FITB']"
158,82.40499035748128,228.77565340777699,62,0.03666666666666667,0.01,0.9934320300645543,"['CFG', 'FITB']"
159,87.60821822161135,243.22103892729413,74,0.03666666666666667,0.015,0.9934320300645543,"['CFG', 'FITB']"
160,83.43540828424908,231.63633615838165,82,0.03666666666666667,0.02,0.9934320300645543,"['CFG', 'FITB']"
161,0.0249910682386556,0.06938108894685063,1,0.04111111111111111,0.0,0.9934320300645543,"['CFG', 'FITB']"
162,73.10514821525976,202.9571022078283,48,0.04111111111111111,0.005,0.9934320300645543,"['CFG', 'FITB']"
163,86.03142343970072,238.84348539617076,59,0.04111111111111111,0.01,0.9934320300645543,"['CFG', 'FITB']"
164,90.15548384117545,250.29284797661145,67,0.04111111111111111,0.015,0.9934320300645543,"['CFG', 'FITB']"
165,87.3166423276688,242.41155560152356,73,0.04111111111111111,0.02,0.9934320300645543,"['CFG', 'FITB']"
166,0.11887027797576621,0.3300118766678684,1,0.04555555555555556,0.0,0.9934320300645543,"['CFG', 'FITB']"
167,74.29991677521468,206.27406100836944,45,0.04555555555555556,0.005,0.9934320300645543,"['CFG', 'FITB']"
168,81.8167494189214,227.14255807585064,51,0.04555555555555556,0.01,0.9934320300645543,"['CFG', 'FITB']"
169,84.57622590398176,234.80351444747848,57,0.04555555555555556,0.015,0.9934320300645543,"['CFG', 'FITB']"
170,83.69332065577532,232.35236162069774,62,0.04555555555555556,0.02,0.9934320300645543,"['CFG', 'FITB']"
171,0.2386404293381048,0.6625220137093414,1,0.05,0.0,0.9934320300645543,"['CFG', 'FITB']"
172,77.21839244639982,214.3764365530256,40,0.05,0.005,0.9934320300645543,"['CFG', 'FITB']"
173,84.22011749918978,233.8148736790388,45,0.05,0.01,0.9934320300645543,"['CFG', 'FITB']"
174,86.77344566496444,240.9035137839101,50,0.05,0.015,0.9934320300645543,"['CFG', 'FITB']"
175,85.05095526069266,236.12147490475473,53,0.05,0.02,0.9934320300645543,"['CFG', 'FITB']"
176,15.652872440944883,17.178306015084374,1,0.01,0.0,0.9909520654880453,"['DVN', 'EOG']"
177,-9.114139529585657,-10.002348035102782,9,0.01,0.005,0.9909520654880453,"['DVN', 'EOG']"
178,15.857775689223061,17.40317788545112,1,0.014444444444444444,0.0,0.9909520654880453,"['DVN', 'EOG']"
179,-10.465452936497869,-11.485352213013464,5,0.014444444444444444,0.005,0.9909520654880453,"['DVN', 'EOG']"
180,-10.933363807789334,-11.998862826810068,7,0.014444444444444444,0.01,0.9909520654880453,"['DVN', 'EOG']"
181,-14.492015690041626,-15.90431923841267,1,0.01888888888888889,0.0,0.9909520654880453,"['DVN', 'EOG']"
182,-12.794050332718456,-14.04088052317653,2,0.01888888888888889,0.005,0.9909520654880453,"['DVN', 'EOG']"
183,-13.376024396119021,-14.679570232790848,2,0.01888888888888889,0.01,0.9909520654880453,"['DVN', 'EOG']"
184,-11.450260813051628,-12.566133464718643,6,0.01888888888888889,0.015,0.9909520654880453,"['DVN', 'EOG']"
185,-14.389983948635631,-15.792344105175188,1,0.02333333333333333,0.0,0.9909520654880453,"['DVN', 'EOG']"
186,-12.544887306262737,-13.767435586328727,2,0.02333333333333333,0.005,0.9909520654880453,"['DVN', 'EOG']"
187,-13.127937065492262,-14.407305822533209,2,0.02333333333333333,0.01,0.9909520654880453,"['DVN', 'EOG']"
188,-9.805919944843147,-10.761545154568863,6,0.02333333333333333,0.015,0.9909520654880453,"['DVN', 'EOG']"
189,-9.517197241132386,-10.444685295360388,10,0.02333333333333333,0.02,0.9909520654880453,"['DVN', 'EOG']"
190,-14.213208333333334,-15.598341015510684,1,0.027777777777777776,0.0,0.9909520654880453,"['DVN', 'EOG']"
191,-14.213208333333334,-15.598341015510684,1,0.027777777777777776,0.005,0.9909520654880453,"['DVN', 'EOG']"
192,-14.213208333333334,-15.598341015510684,1,0.027777777777777776,0.01,0.9909520654880453,"['DVN', 'EOG']"
193,-12.86986504592916,-14.124083676392843,2,0.027777777777777776,0.015,0.9909520654880453,"['DVN', 'EOG']"
194,-13.359762481826579,-14.66172353141635,2,0.027777777777777776,0.02,0.9909520654880453,"['DVN', 'EOG']"
195,-14.030272904483432,-15.39757781440236,1,0.03222222222222222,0.0,0.9909520654880453,"['DVN', 'EOG']"
196,-14.030272904483432,-15.39757781440236,1,0.03222222222222222,0.005,0.9909520654880453,"['DVN', 'EOG']"
197,-14.030272904483432,-15.39757781440236,1,0.03222222222222222,0.01,0.9909520654880453,"['DVN', 'EOG']"
198,-14.030272904483432,-15.39757781440236,1,0.03222222222222222,0.015,0.9909520654880453,"['DVN', 'EOG']"
199,-14.030272904483432,-15.39757781440236,1,0.03222222222222222,0.02,0.9909520654880453,"['DVN', 'EOG']"
200,-13.871970091027308,-15.22384777329599,1,0.03666666666666667,0.0,0.9909520654880453,"['DVN', 'EOG']"
201,-13.871970091027308,-15.22384777329599,1,0.03666666666666667,0.005,0.9909520654880453,"['DVN', 'EOG']"
202,-13.871970091027308,-15.22384777329599,1,0.03666666666666667,0.01,0.9909520654880453,"['DVN', 'EOG']"
203,-13.871970091027308,-15.22384777329599,1,0.03666666666666667,0.015,0.9909520654880453,"['DVN', 'EOG']"
204,-13.871970091027308,-15.22384777329599,1,0.03666666666666667,0.02,0.9909520654880453,"['DVN', 'EOG']"
205,-13.714965283384466,-15.051542233740633,1,0.04111111111111111,0.0,0.9909520654880453,"['DVN', 'EOG']"
206,-13.714965283384466,-15.051542233740633,1,0.04111111111111111,0.005,0.9909520654880453,"['DVN', 'EOG']"
207,-13.714965283384466,-15.051542233740633,1,0.04111111111111111,0.01,0.9909520654880453,"['DVN', 'EOG']"
208,-13.714965283384466,-15.051542233740633,1,0.04111111111111111,0.015,0.9909520654880453,"['DVN', 'EOG']"
209,-13.714965283384466,-15.051542233740633,1,0.04111111111111111,0.02,0.9909520654880453,"['DVN', 'EOG']"
210,-13.52123786407767,-14.838935320541779,1,0.04555555555555556,0.0,0.9909520654880453,"['DVN', 'EOG']"
211,-13.52123786407767,-14.838935320541779,1,0.04555555555555556,0.005,0.9909520654880453,"['DVN', 'EOG']"
212,-13.52123786407767,-14.838935320541779,1,0.04555555555555556,0.01,0.9909520654880453,"['DVN', 'EOG']"
213,-13.52123786407767,-14.838935320541779,1,0.04555555555555556,0.015,0.9909520654880453,"['DVN', 'EOG']"
214,-13.52123786407767,-14.838935320541779,1,0.04555555555555556,0.02,0.9909520654880453,"['DVN', 'EOG']"
215,-13.302886497064577,-14.599304759728465,1,0.05,0.0,0.9909520654880453,"['DVN', 'EOG']"
216,-13.302886497064577,-14.599304759728465,1,0.05,0.005,0.9909520654880453,"['DVN', 'EOG']"
217,-13.302886497064577,-14.599304759728465,1,0.05,0.01,0.9909520654880453,"['DVN', 'EOG']"
218,-13.302886497064577,-14.599304759728465,1,0.05,0.015,0.9909520654880453,"['DVN', 'EOG']"
219,-13.302886497064577,-14.599304759728465,1,0.05,0.02,0.9909520654880453,"['DVN', 'EOG']"
220,-0.9420416375087441,-3.0359060183974993,1,0.01,0.0,0.9966067715240952,"['DISCA', 'DISCK']"
221,70.82489063491752,228.24650542996298,232,0.01,0.005,0.9966067715240952,"['DISCA', 'DISCK']"
222,-0.9420416375087441,-3.0359060183974993,1,0.014444444444444444,0.0,0.9966067715240952,"['DISCA', 'DISCK']"
223,76.39140569935763,246.1856451800117,167,0.014444444444444444,0.005,0.9966067715240952,"['DISCA', 'DISCK']"
224,82.04648523142664,264.41020055245457,269,0.014444444444444444,0.01,0.9966067715240952,"['DISCA', 'DISCK']"
225,-0.9420416375087441,-3.0359060183974993,1,0.01888888888888889,0.0,0.9966067715240952,"['DISCA', 'DISCK']"
226,82.16600380647643,264.7953715967658,128,0.01888888888888889,0.005,0.9966067715240952,"['DISCA', 'DISCK']"
227,84.00549267847546,270.72346979850295,168,0.01888888888888889,0.01,0.9966067715240952,"['DISCA', 'DISCK']"
228,79.43916427481602,256.00761931942,246,0.01888888888888889,0.015,0.9966067715240952,"['DISCA', 'DISCK']"
229,-0.8170493827160534,-2.6330950135870235,1,0.02333333333333333,0.0,0.9966067715240952,"['DISCA', 'DISCK']"
230,83.05717214530704,267.667328860158,102,0.02333333333333333,0.005,0.9966067715240952,"['DISCA', 'DISCK']"
231,79.55361964560616,256.37647323753197,118,0.02333333333333333,0.01,0.9966067715240952,"['DISCA', 'DISCK']"
232,73.72817237480139,237.60287584531548,145,0.02333333333333333,0.015,0.9966067715240952,"['DISCA', 'DISCK']"
233,69.88747305007924,225.22550128933045,227,0.02333333333333333,0.02,0.9966067715240952,"['DISCA', 'DISCK']"
234,-0.5142238058551634,-1.6571827452631755,1,0.027777777777777776,0.0,0.9966067715240952,"['DISCA', 'DISCK']"
235,75.78138926023242,244.21975269169326,78,0.027777777777777776,0.005,0.9966067715240952,"['DISCA', 'DISCK']"
236,73.62236493377803,237.26189150427982,87,0.027777777777777776,0.01,0.9966067715240952,"['DISCA', 'DISCK']"
237,68.62051709728838,221.14249789651427,100,0.027777777777777776,0.015,0.9966067715240952,"['DISCA', 'DISCK']"
238,65.13232571893174,209.90114637103363,128,0.027777777777777776,0.02,0.9966067715240952,"['DISCA', 'DISCK']"
239,-0.5142238058551634,-1.6571827452631755,1,0.03222222222222222,0.0,0.9966067715240952,"['DISCA', 'DISCK']"
240,67.79811897771285,218.49216557432433,61,0.03222222222222222,0.005,0.9966067715240952,"['DISCA', 'DISCK']"
241,65.38327253461642,210.70986959270522,66,0.03222222222222222,0.01,0.9966067715240952,"['DISCA', 'DISCK']"
242,61.568495631601415,198.41603490686887,74,0.03222222222222222,0.015,0.9966067715240952,"['DISCA', 'DISCK']"
243,58.26096792726994,187.75690598540103,86,0.03222222222222222,0.02,0.9966067715240952,"['DISCA', 'DISCK']"
244,-0.5142238058551634,-1.6571827452631755,1,0.03666666666666667,0.0,0.9966067715240952,"['DISCA', 'DISCK']"
245,63.91002960042838,205.9620676778227,51,0.03666666666666667,0.005,0.9966067715240952,"['DISCA', 'DISCK']"
246,62.05091687380993,199.9707279207539,54,0.03666666666666667,0.01,0.9966067715240952,"['DISCA', 'DISCK']"
247,58.8653893109282,189.70476735716468,59,0.03666666666666667,0.015,0.9966067715240952,"['DISCA', 'DISCK']"
248,56.22560825414066,181.19757735784935,67,0.03666666666666667,0.02,0.9966067715240952,"['DISCA', 'DISCK']"
249,-0.4737728119180673,-1.5268218237772069,1,0.04111111111111111,0.0,0.9966067715240952,"['DISCA', 'DISCK']"
250,58.06400127023973,187.12214395823307,42,0.04111111111111111,0.005,0.9966067715240952,"['DISCA', 'DISCK']"
251,55.48912406961621,178.82411881925947,43,0.04111111111111111,0.01,0.9966067715240952,"['DISCA', 'DISCK']"
252,54.17174464362666,174.57861631848746,48,0.04111111111111111,0.015,0.9966067715240952,"['DISCA', 'DISCK']"
253,51.00617690502245,164.3769800355219,52,0.04111111111111111,0.02,0.9966067715240952,"['DISCA', 'DISCK']"
254,-0.30603808812546873,-0.9862651889315782,1,0.04555555555555556,0.0,0.9966067715240952,"['DISCA', 'DISCK']"
255,52.969253130276336,170.70336168313355,35,0.04555555555555556,0.005,0.9966067715240952,"['DISCA', 'DISCK']"
256,51.859581237120715,167.12723569810092,36,0.04555555555555556,0.01,0.9966067715240952,"['DISCA', 'DISCK']"
257,50.62301368563919,163.14216463306215,39,0.04555555555555556,0.015,0.9966067715240952,"['DISCA', 'DISCK']"
258,48.71515917836219,156.9937453379381,42,0.04555555555555556,0.02,0.9966067715240952,"['DISCA', 'DISCK']"
259,-0.2909341472438065,-0.9375899041050805,1,0.05,0.0,0.9966067715240952,"['DISCA', 'DISCK']"
260,46.98043007898498,151.4032551691427,29,0.05,0.005,0.9966067715240952,"['DISCA', 'DISCK']"
261,44.88676613481449,144.65603008319206,29,0.05,0.01,0.9966067715240952,"['DISCA', 'DISCK']"
262,44.625316849263385,143.8134606808359,32,0.05,0.015,0.9966067715240952,"['DISCA', 'DISCK']"
263,43.23864956188278,139.34466503990583,34,0.05,0.02,0.9966067715240952,"['DISCA', 'DISCK']"
264,15.652872440944883,17.178306015084374,1,0.01,0.0,0.9909520654880453,"['EOG', 'DVN']"
265,-9.114139529585657,-10.002348035102782,9,0.01,0.005,0.9909520654880453,"['EOG', 'DVN']"
266,15.857775689223061,17.40317788545112,1,0.014444444444444444,0.0,0.9909520654880453,"['EOG', 'DVN']"
267,-10.465452936497869,-11.485352213013464,5,0.014444444444444444,0.005,0.9909520654880453,"['EOG', 'DVN']"
268,-10.933363807789334,-11.998862826810068,7,0.014444444444444444,0.01,0.9909520654880453,"['EOG', 'DVN']"
269,-14.492015690041626,-15.90431923841267,1,0.01888888888888889,0.0,0.9909520654880453,"['EOG', 'DVN']"
270,-12.794050332718456,-14.04088052317653,2,0.01888888888888889,0.005,0.9909520654880453,"['EOG', 'DVN']"
271,-13.376024396119021,-14.679570232790848,2,0.01888888888888889,0.01,0.9909520654880453,"['EOG', 'DVN']"
272,-11.450260813051628,-12.566133464718643,6,0.01888888888888889,0.015,0.9909520654880453,"['EOG', 'DVN']"
273,-14.389983948635631,-15.792344105175188,1,0.02333333333333333,0.0,0.9909520654880453,"['EOG', 'DVN']"
274,-12.544887306262737,-13.767435586328727,2,0.02333333333333333,0.005,0.9909520654880453,"['EOG', 'DVN']"
275,-13.127937065492262,-14.407305822533209,2,0.02333333333333333,0.01,0.9909520654880453,"['EOG', 'DVN']"
276,-9.805919944843147,-10.761545154568863,6,0.02333333333333333,0.015,0.9909520654880453,"['EOG', 'DVN']"
277,-9.517197241132386,-10.444685295360388,10,0.02333333333333333,0.02,0.9909520654880453,"['EOG', 'DVN']"
278,-14.213208333333334,-15.598341015510684,1,0.027777777777777776,0.0,0.9909520654880453,"['EOG', 'DVN']"
279,-14.213208333333334,-15.598341015510684,1,0.027777777777777776,0.005,0.9909520654880453,"['EOG', 'DVN']"
280,-14.213208333333334,-15.598341015510684,1,0.027777777777777776,0.01,0.9909520654880453,"['EOG', 'DVN']"
281,-12.86986504592916,-14.124083676392843,2,0.027777777777777776,0.015,0.9909520654880453,"['EOG', 'DVN']"
282,-13.359762481826579,-14.66172353141635,2,0.027777777777777776,0.02,0.9909520654880453,"['EOG', 'DVN']"
283,-14.030272904483432,-15.39757781440236,1,0.03222222222222222,0.0,0.9909520654880453,"['EOG', 'DVN']"
284,-14.030272904483432,-15.39757781440236,1,0.03222222222222222,0.005,0.9909520654880453,"['EOG', 'DVN']"
285,-14.030272904483432,-15.39757781440236,1,0.03222222222222222,0.01,0.9909520654880453,"['EOG', 'DVN']"
286,-14.030272904483432,-15.39757781440236,1,0.03222222222222222,0.015,0.9909520654880453,"['EOG', 'DVN']"
287,-14.030272904483432,-15.39757781440236,1,0.03222222222222222,0.02,0.9909520654880453,"['EOG', 'DVN']"
288,-13.871970091027308,-15.22384777329599,1,0.03666666666666667,0.0,0.9909520654880453,"['EOG', 'DVN']"
289,-13.871970091027308,-15.22384777329599,1,0.03666666666666667,0.005,0.9909520654880453,"['EOG', 'DVN']"
290,-13.871970091027308,-15.22384777329599,1,0.03666666666666667,0.01,0.9909520654880453,"['EOG', 'DVN']"
291,-13.871970091027308,-15.22384777329599,1,0.03666666666666667,0.015,0.9909520654880453,"['EOG', 'DVN']"
292,-13.871970091027308,-15.22384777329599,1,0.03666666666666667,0.02,0.9909520654880453,"['EOG', 'DVN']"
293,-13.714965283384466,-15.051542233740633,1,0.04111111111111111,0.0,0.9909520654880453,"['EOG', 'DVN']"
294,-13.714965283384466,-15.051542233740633,1,0.04111111111111111,0.005,0.9909520654880453,"['EOG', 'DVN']"
295,-13.714965283384466,-15.051542233740633,1,0.04111111111111111,0.01,0.9909520654880453,"['EOG', 'DVN']"
296,-13.714965283384466,-15.051542233740633,1,0.04111111111111111,0.015,0.9909520654880453,"['EOG', 'DVN']"
297,-13.714965283384466,-15.051542233740633,1,0.04111111111111111,0.02,0.9909520654880453,"['EOG', 'DVN']"
298,-13.52123786407767,-14.838935320541779,1,0.04555555555555556,0.0,0.9909520654880453,"['EOG', 'DVN']"
299,-13.52123786407767,-14.838935320541779,1,0.04555555555555556,0.005,0.9909520654880453,"['EOG', 'DVN']"
300,-13.52123786407767,-14.838935320541779,1,0.04555555555555556,0.01,0.9909520654880453,"['EOG', 'DVN']"
301,-13.52123786407767,-14.838935320541779,1,0.04555555555555556,0.015,0.9909520654880453,"['EOG', 'DVN']"
302,-13.52123786407767,-14.838935320541779,1,0.04555555555555556,0.02,0.9909520654880453,"['EOG', 'DVN']"
303,-13.302886497064577,-14.599304759728465,1,0.05,0.0,0.9909520654880453,"['EOG', 'DVN']"
304,-13.302886497064577,-14.599304759728465,1,0.05,0.005,0.9909520654880453,"['EOG', 'DVN']"
305,-13.302886497064577,-14.599304759728465,1,0.05,0.01,0.9909520654880453,"['EOG', 'DVN']"
306,-13.302886497064577,-14.599304759728465,1,0.05,0.015,0.9909520654880453,"['EOG', 'DVN']"
307,-13.302886497064577,-14.599304759728465,1,0.05,0.02,0.9909520654880453,"['EOG', 'DVN']"
308,-0.7888305201515671,-2.1899792341798086,1,0.01,0.0,0.9934320300645543,"['FITB', 'CFG']"
309,66.15213446642193,183.65389912943343,196,0.01,0.005,0.9934320300645543,"['FITB', 'CFG']"
310,-0.6694823364812876,-1.858640578793136,1,0.014444444444444444,0.0,0.9934320300645543,"['FITB', 'CFG']"
311,70.56500655843175,195.9050709562236,137,0.014444444444444444,0.005,0.9934320300645543,"['FITB', 'CFG']"
312,82.76963037611492,229.7879799447943,237,0.014444444444444444,0.01,0.9934320300645543,"['FITB', 'CFG']"
313,-0.5531183557760428,-1.5355867733926785,1,0.01888888888888889,0.0,0.9934320300645543,"['FITB', 'CFG']"
314,72.50814994083726,201.29969444985358,103,0.01888888888888889,0.005,0.9934320300645543,"['FITB', 'CFG']"
315,83.04623616017392,230.55590272119355,151,0.01888888888888889,0.01,0.9934320300645543,"['FITB', 'CFG']"
316,95.83668345688714,266.065195604906,273,0.01888888888888889,0.015,0.9934320300645543,"['FITB', 'CFG']"
317,-0.4432468694096592,-1.230557660770847,1,0.02333333333333333,0.0,0.9934320300645543,"['FITB', 'CFG']"
318,69.8513155507023,193.92369669822958,81,0.02333333333333333,0.005,0.9934320300645543,"['FITB', 'CFG']"
319,79.89212740953143,221.79935427410163,110,0.02333333333333333,0.01,0.9934320300645543,"['FITB', 'CFG']"
320,86.733901950583,240.79373112321764,150,0.02333333333333333,0.015,0.9934320300645543,"['FITB', 'CFG']"
321,89.81699823439294,249.3531322442891,240,0.02333333333333333,0.02,0.9934320300645543,"['FITB', 'CFG']"
322,-0.32281699108604656,-0.8962159663688133,1,0.027777777777777776,0.0,0.9934320300645543,"['FITB', 'CFG']"
323,73.1960622731549,203.2095010359658,69,0.027777777777777776,0.005,0.9934320300645543,"['FITB', 'CFG']"
324,84.6745930029611,235.0766046722962,87,0.027777777777777776,0.01,0.9934320300645543,"['FITB', 'CFG']"
325,86.90911915621435,241.28017533651956,107,0.027777777777777776,0.015,0.9934320300645543,"['FITB', 'CFG']"
326,86.05232366834986,238.90150935133215,140,0.027777777777777776,0.02,0.9934320300645543,"['FITB', 'CFG']"
327,-0.19479817824611345,-0.540805603126356,1,0.03222222222222222,0.0,0.9934320300645543,"['FITB', 'CFG']"
328,72.84645185190736,202.23890019963173,58,0.03222222222222222,0.005,0.9934320300645543,"['FITB', 'CFG']"
329,84.27992636546888,233.98091717231782,71,0.03222222222222222,0.01,0.9934320300645543,"['FITB', 'CFG']"
330,89.04360453550017,247.20600926013373,87,0.03222222222222222,0.015,0.9934320300645543,"['FITB', 'CFG']"
331,84.11124879456507,233.5126285246115,99,0.03222222222222222,0.02,0.9934320300645543,"['FITB', 'CFG']"
332,-0.1026734620886991,-0.285045702633812,1,0.03666666666666667,0.0,0.9934320300645543,"['FITB', 'CFG']"
333,70.91130978234347,196.8664902341573,51,0.03666666666666667,0.005,0.9934320300645543,"['FITB', 'CFG']"
334,82.40499035748128,228.77565340777699,62,0.03666666666666667,0.01,0.9934320300645543,"['FITB', 'CFG']"
335,87.60821822161135,243.22103892729413,74,0.03666666666666667,0.015,0.9934320300645543,"['FITB', 'CFG']"
336,83.4354082842491,231.63633615838174,82,0.03666666666666667,0.02,0.9934320300645543,"['FITB', 'CFG']"
337,0.0249910682386556,0.06938108894685063,1,0.04111111111111111,0.0,0.9934320300645543,"['FITB', 'CFG']"
338,73.10514821525976,202.9571022078283,48,0.04111111111111111,0.005,0.9934320300645543,"['FITB', 'CFG']"
339,86.03142343970069,238.84348539617068,59,0.04111111111111111,0.01,0.9934320300645543,"['FITB', 'CFG']"
340,90.15548384117542,250.29284797661137,67,0.04111111111111111,0.015,0.9934320300645543,"['FITB', 'CFG']"
341,87.31664232766869,242.41155560152325,73,0.04111111111111111,0.02,0.9934320300645543,"['FITB', 'CFG']"
342,0.11887027797576621,0.3300118766678684,1,0.04555555555555556,0.0,0.9934320300645543,"['FITB', 'CFG']"
343,74.29991677521468,206.27406100836944,45,0.04555555555555556,0.005,0.9934320300645543,"['FITB', 'CFG']"
344,81.81674941892138,227.14255807585056,51,0.04555555555555556,0.01,0.9934320300645543,"['FITB', 'CFG']"
345,84.57622590398172,234.8035144474784,57,0.04555555555555556,0.015,0.9934320300645543,"['FITB', 'CFG']"
346,83.69332065577532,232.35236162069774,62,0.04555555555555556,0.02,0.9934320300645543,"['FITB', 'CFG']"
347,0.2386404293381048,0.6625220137093414,1,0.05,0.0,0.9934320300645543,"['FITB', 'CFG']"
348,77.21839244639982,214.3764365530256,40,0.05,0.005,0.9934320300645543,"['FITB', 'CFG']"
349,84.22011749918981,233.81487367903887,45,0.05,0.01,0.9934320300645543,"['FITB', 'CFG']"
350,86.77344566496438,240.90351378391,50,0.05,0.015,0.9934320300645543,"['FITB', 'CFG']"
351,85.05095526069265,236.1214749047547,53,0.05,0.02,0.9934320300645543,"['FITB', 'CFG']"
352,0.0,0.0,0,0.01,0.0,0.9978109502864905,"['FOX', 'FOXA']"
353,0.0,0.0,0,0.01,0.005,0.9978109502864905,"['FOX', 'FOXA']"
354,0.0,0.0,0,0.014444444444444444,0.0,0.9978109502864905,"['FOX', 'FOXA']"
355,0.0,0.0,0,0.014444444444444444,0.005,0.9978109502864905,"['FOX', 'FOXA']"
356,0.0,0.0,0,0.014444444444444444,0.01,0.9978109502864905,"['FOX', 'FOXA']"
357,0.0,0.0,0,0.01888888888888889,0.0,0.9978109502864905,"['FOX', 'FOXA']"
358,0.0,0.0,0,0.01888888888888889,0.005,0.9978109502864905,"['FOX', 'FOXA']"
359,0.0,0.0,0,0.01888888888888889,0.01,0.9978109502864905,"['FOX', 'FOXA']"
360,0.0,0.0,0,0.01888888888888889,0.015,0.9978109502864905,"['FOX', 'FOXA']"
361,0.0,0.0,0,0.02333333333333333,0.0,0.9978109502864905,"['FOX', 'FOXA']"
362,0.0,0.0,0,0.02333333333333333,0.005,0.9978109502864905,"['FOX', 'FOXA']"
363,0.0,0.0,0,0.02333333333333333,0.01,0.9978109502864905,"['FOX', 'FOXA']"
364,0.0,0.0,0,0.02333333333333333,0.015,0.9978109502864905,"['FOX', 'FOXA']"
365,0.0,0.0,0,0.02333333333333333,0.02,0.9978109502864905,"['FOX', 'FOXA']"
366,0.0,0.0,0,0.027777777777777776,0.0,0.9978109502864905,"['FOX', 'FOXA']"
367,0.0,0.0,0,0.027777777777777776,0.005,0.9978109502864905,"['FOX', 'FOXA']"
368,0.0,0.0,0,0.027777777777777776,0.01,0.9978109502864905,"['FOX', 'FOXA']"
369,0.0,0.0,0,0.027777777777777776,0.015,0.9978109502864905,"['FOX', 'FOXA']"
370,0.0,0.0,0,0.027777777777777776,0.02,0.9978109502864905,"['FOX', 'FOXA']"
371,0.0,0.0,0,0.03222222222222222,0.0,0.9978109502864905,"['FOX', 'FOXA']"
372,0.0,0.0,0,0.03222222222222222,0.005,0.9978109502864905,"['FOX', 'FOXA']"
373,0.0,0.0,0,0.03222222222222222,0.01,0.9978109502864905,"['FOX', 'FOXA']"
374,0.0,0.0,0,0.03222222222222222,0.015,0.9978109502864905,"['FOX', 'FOXA']"
375,0.0,0.0,0,0.03222222222222222,0.02,0.9978109502864905,"['FOX', 'FOXA']"
376,0.0,0.0,0,0.03666666666666667,0.0,0.9978109502864905,"['FOX', 'FOXA']"
377,0.0,0.0,0,0.03666666666666667,0.005,0.9978109502864905,"['FOX', 'FOXA']"
378,0.0,0.0,0,0.03666666666666667,0.01,0.9978109502864905,"['FOX', 'FOXA']"
379,0.0,0.0,0,0.03666666666666667,0.015,0.9978109502864905,"['FOX', 'FOXA']"
380,0.0,0.0,0,0.03666666666666667,0.02,0.9978109502864905,"['FOX', 'FOXA']"
381,0.0,0.0,0,0.04111111111111111,0.0,0.9978109502864905,"['FOX', 'FOXA']"
382,0.0,0.0,0,0.04111111111111111,0.005,0.9978109502864905,"['FOX', 'FOXA']"
383,0.0,0.0,0,0.04111111111111111,0.01,0.9978109502864905,"['FOX', 'FOXA']"
384,0.0,0.0,0,0.04111111111111111,0.015,0.9978109502864905,"['FOX', 'FOXA']"
385,0.0,0.0,0,0.04111111111111111,0.02,0.9978109502864905,"['FOX', 'FOXA']"
386,0.0,0.0,0,0.04555555555555556,0.0,0.9978109502864905,"['FOX', 'FOXA']"
387,0.0,0.0,0,0.04555555555555556,0.005,0.9978109502864905,"['FOX', 'FOXA']"
388,0.0,0.0,0,0.04555555555555556,0.01,0.9978109502864905,"['FOX', 'FOXA']"
389,0.0,0.0,0,0.04555555555555556,0.015,0.9978109502864905,"['FOX', 'FOXA']"
390,0.0,0.0,0,0.04555555555555556,0.02,0.9978109502864905,"['FOX', 'FOXA']"
391,0.0,0.0,0,0.05,0.0,0.9978109502864905,"['FOX', 'FOXA']"
392,0.0,0.0,0,0.05,0.005,0.9978109502864905,"['FOX', 'FOXA']"
393,0.0,0.0,0,0.05,0.01,0.9978109502864905,"['FOX', 'FOXA']"
394,0.0,0.0,0,0.05,0.015,0.9978109502864905,"['FOX', 'FOXA']"
395,0.0,0.0,0,0.05,0.02,0.9978109502864905,"['FOX', 'FOXA']"
396,-3.6637717546362367,-5.2474531003097065,1,0.01,0.0,0.9933936551570364,"['KEY', 'C']"
397,130.2981554141038,186.62010228316214,203,0.01,0.005,0.9933936551570364,"['KEY', 'C']"
398,-3.4765849486887177,-4.979353979789055,1,0.014444444444444444,0.0,0.9933936551570364,"['KEY', 'C']"
399,142.22895195996207,203.70803775417085,139,0.014444444444444444,0.005,0.9933936551570364,"['KEY', 'C']"
400,156.44835138137523,224.0738346911705,232,0.014444444444444444,0.01,0.9933936551570364,"['KEY', 'C']"
401,-3.211806368699129,-4.600123701946619,1,0.01888888888888889,0.0,0.9933936551570364,"['KEY', 'C']"
402,141.35067410706242,202.45012046270756,104,0.01888888888888889,0.005,0.9933936551570364,"['KEY', 'C']"
403,157.08983104162994,224.99259673679455,145,0.01888888888888889,0.01,0.9933936551570364,"['KEY', 'C']"
404,173.42080680447958,248.38270811297565,258,0.01888888888888889,0.015,0.9933936551570364,"['KEY', 'C']"
405,-2.9810621534870023,-4.2696392917315995,1,0.02333333333333333,0.0,0.9933936551570364,"['KEY', 'C']"
406,131.30102232428646,188.05646279617082,79,0.02333333333333333,0.005,0.9933936551570364,"['KEY', 'C']"
407,150.06757980398143,214.93494672583995,107,0.02333333333333333,0.01,0.9933936551570364,"['KEY', 'C']"
408,161.28913582139427,231.0070693517535,145,0.02333333333333333,0.015,0.9933936551570364,"['KEY', 'C']"
409,173.0948661712153,247.9158782171517,265,0.02333333333333333,0.02,0.9933936551570364,"['KEY', 'C']"
410,-2.7260176991150473,-3.9043507578273386,1,0.027777777777777776,0.0,0.9933936551570364,"['KEY', 'C']"
411,138.14428138928776,197.85775048594638,69,0.027777777777777776,0.005,0.9933936551570364,"['KEY', 'C']"
412,153.04844496982685,219.20430388116134,87,0.027777777777777776,0.01,0.9933936551570364,"['KEY', 'C']"
413,158.11180039644555,226.4563168095754,103,0.027777777777777776,0.015,0.9933936551570364,"['KEY', 'C']"
414,165.53542932891304,237.08884177730317,148,0.027777777777777776,0.02,0.9933936551570364,"['KEY', 'C']"
415,-2.4180479148181035,-3.4632596889402802,1,0.03222222222222222,0.0,0.9933936551570364,"['KEY', 'C']"
416,136.30811551865438,195.22789389666912,59,0.03222222222222222,0.005,0.9933936551570364,"['KEY', 'C']"
417,150.37256364513513,215.37176116461637,72,0.03222222222222222,0.01,0.9933936551570364,"['KEY', 'C']"
418,153.22912604335664,219.46308513800722,82,0.03222222222222222,0.015,0.9933936551570364,"['KEY', 'C']"
419,161.79876548570704,231.73698866471938,107,0.03222222222222222,0.02,0.9933936551570364,"['KEY', 'C']"
420,-2.2274824561403435,-3.1903214782875158,1,0.03666666666666667,0.0,0.9933936551570364,"['KEY', 'C']"
421,144.73273485416638,207.29409174185963,56,0.03666666666666667,0.005,0.9933936551570364,"['KEY', 'C']"
422,154.6269841214821,221.46517347677187,65,0.03666666666666667,0.01,0.9933936551570364,"['KEY', 'C']"
423,154.14825772829687,220.7795155088755,71,0.03666666666666667,0.015,0.9933936551570364,"['KEY', 'C']"
424,162.2861434003226,232.4350378119774,88,0.03666666666666667,0.02,0.9933936551570364,"['KEY', 'C']"
425,6.480771253286598,9.282112937964191,1,0.04111111111111111,0.0,0.9933936551570364,"['KEY', 'C']"
426,136.67508269002664,195.7534842309176,47,0.04111111111111111,0.005,0.9933936551570364,"['KEY', 'C']"
427,142.47093763002303,204.0546227872,53,0.04111111111111111,0.01,0.9933936551570364,"['KEY', 'C']"
428,144.9778479636733,207.6451560636971,58,0.04111111111111111,0.015,0.9933936551570364,"['KEY', 'C']"
429,146.15243560454255,209.32746434337233,66,0.04111111111111111,0.02,0.9933936551570364,"['KEY', 'C']"
430,-1.5891802773497687,-2.2761103943709093,1,0.04555555555555556,0.0,0.9933936551570364,"['KEY', 'C']"
431,117.2045301884076,167.86670035578288,37,0.04555555555555556,0.005,0.9933936551570364,"['KEY', 'C']"
432,127.74558293049307,182.96416919291477,43,0.04555555555555556,0.01,0.9933936551570364,"['KEY', 'C']"
433,131.49066979401323,188.32808621313842,47,0.04555555555555556,0.015,0.9933936551570364,"['KEY', 'C']"
434,129.79524194447274,185.89980226936802,52,0.04555555555555556,0.02,0.9933936551570364,"['KEY', 'C']"
435,-1.396914338348175,-2.000736663345997,1,0.05,0.0,0.9933936551570364,"['KEY', 'C']"
436,101.36788801824,145.18460042715554,29,0.05,0.005,0.9933936551570364,"['KEY', 'C']"
437,112.99515492112923,161.83780424109028,34,0.05,0.01,0.9933936551570364,"['KEY', 'C']"
438,120.38840040105424,172.4268123761877,38,0.05,0.015,0.9933936551570364,"['KEY', 'C']"
439,120.5906964114466,172.71655172077715,42,0.05,0.02,0.9933936551570364,"['KEY', 'C']"
440,0.0,,0,0.01,0.0,0.99839906005255,"['NWSA', 'NWS']"
441,0.0,,0,0.01,0.005,0.99839906005255,"['NWSA', 'NWS']"
442,0.0,,0,0.014444444444444444,0.0,0.99839906005255,"['NWSA', 'NWS']"
443,0.0,,0,0.014444444444444444,0.005,0.99839906005255,"['NWSA', 'NWS']"
444,0.0,,0,0.014444444444444444,0.01,0.99839906005255,"['NWSA', 'NWS']"
445,0.0,,0,0.01888888888888889,0.0,0.99839906005255,"['NWSA', 'NWS']"
446,0.0,,0,0.01888888888888889,0.005,0.99839906005255,"['NWSA', 'NWS']"
447,0.0,,0,0.01888888888888889,0.01,0.99839906005255,"['NWSA', 'NWS']"
448,0.0,,0,0.01888888888888889,0.015,0.99839906005255,"['NWSA', 'NWS']"
449,0.0,,0,0.02333333333333333,0.0,0.99839906005255,"['NWSA', 'NWS']"
450,0.0,,0,0.02333333333333333,0.005,0.99839906005255,"['NWSA', 'NWS']"
451,0.0,,0,0.02333333333333333,0.01,0.99839906005255,"['NWSA', 'NWS']"
452,0.0,,0,0.02333333333333333,0.015,0.99839906005255,"['NWSA', 'NWS']"
453,0.0,,0,0.02333333333333333,0.02,0.99839906005255,"['NWSA', 'NWS']"
454,0.0,,0,0.027777777777777776,0.0,0.99839906005255,"['NWSA', 'NWS']"
455,0.0,,0,0.027777777777777776,0.005,0.99839906005255,"['NWSA', 'NWS']"
456,0.0,,0,0.027777777777777776,0.01,0.99839906005255,"['NWSA', 'NWS']"
457,0.0,,0,0.027777777777777776,0.015,0.99839906005255,"['NWSA', 'NWS']"
458,0.0,,0,0.027777777777777776,0.02,0.99839906005255,"['NWSA', 'NWS']"
459,0.0,,0,0.03222222222222222,0.0,0.99839906005255,"['NWSA', 'NWS']"
460,0.0,,0,0.03222222222222222,0.005,0.99839906005255,"['NWSA', 'NWS']"
461,0.0,,0,0.03222222222222222,0.01,0.99839906005255,"['NWSA', 'NWS']"
462,0.0,,0,0.03222222222222222,0.015,0.99839906005255,"['NWSA', 'NWS']"
463,0.0,,0,0.03222222222222222,0.02,0.99839906005255,"['NWSA', 'NWS']"
464,0.0,,0,0.03666666666666667,0.0,0.99839906005255,"['NWSA', 'NWS']"
465,0.0,,0,0.03666666666666667,0.005,0.99839906005255,"['NWSA', 'NWS']"
466,0.0,,0,0.03666666666666667,0.01,0.99839906005255,"['NWSA', 'NWS']"
467,0.0,,0,0.03666666666666667,0.015,0.99839906005255,"['NWSA', 'NWS']"
468,0.0,,0,0.03666666666666667,0.02,0.99839906005255,"['NWSA', 'NWS']"
469,0.0,,0,0.04111111111111111,0.0,0.99839906005255,"['NWSA', 'NWS']"
470,0.0,,0,0.04111111111111111,0.005,0.99839906005255,"['NWSA', 'NWS']"
471,0.0,,0,0.04111111111111111,0.01,0.99839906005255,"['NWSA', 'NWS']"
472,0.0,,0,0.04111111111111111,0.015,0.99839906005255,"['NWSA', 'NWS']"
473,0.0,,0,0.04111111111111111,0.02,0.99839906005255,"['NWSA', 'NWS']"
474,0.0,,0,0.04555555555555556,0.0,0.99839906005255,"['NWSA', 'NWS']"
475,0.0,,0,0.04555555555555556,0.005,0.99839906005255,"['NWSA', 'NWS']"
476,0.0,,0,0.04555555555555556,0.01,0.99839906005255,"['NWSA', 'NWS']"
477,0.0,,0,0.04555555555555556,0.015,0.99839906005255,"['NWSA', 'NWS']"
478,0.0,,0,0.04555555555555556,0.02,0.99839906005255,"['NWSA', 'NWS']"
479,0.0,,0,0.05,0.0,0.99839906005255,"['NWSA', 'NWS']"
480,0.0,,0,0.05,0.005,0.99839906005255,"['NWSA', 'NWS']"
481,0.0,,0,0.05,0.01,0.99839906005255,"['NWSA', 'NWS']"
482,0.0,,0,0.05,0.015,0.99839906005255,"['NWSA', 'NWS']"
483,0.0,,0,0.05,0.02,0.99839906005255,"['NWSA', 'NWS']"
484,0.0,0.0,0,0.01,0.0,0.9923337332747688,"['NCLH', 'RCL']"
485,0.0,0.0,0,0.01,0.005,0.9923337332747688,"['NCLH', 'RCL']"
486,0.0,0.0,0,0.014444444444444444,0.0,0.9923337332747688,"['NCLH', 'RCL']"
487,0.0,0.0,0,0.014444444444444444,0.005,0.9923337332747688,"['NCLH', 'RCL']"
488,0.0,0.0,0,0.014444444444444444,0.01,0.9923337332747688,"['NCLH', 'RCL']"
489,0.0,0.0,0,0.01888888888888889,0.0,0.9923337332747688,"['NCLH', 'RCL']"
490,0.0,0.0,0,0.01888888888888889,0.005,0.9923337332747688,"['NCLH', 'RCL']"
491,0.0,0.0,0,0.01888888888888889,0.01,0.9923337332747688,"['NCLH', 'RCL']"
492,0.0,0.0,0,0.01888888888888889,0.015,0.9923337332747688,"['NCLH', 'RCL']"
493,0.0,0.0,0,0.02333333333333333,0.0,0.9923337332747688,"['NCLH', 'RCL']"
494,0.0,0.0,0,0.02333333333333333,0.005,0.9923337332747688,"['NCLH', 'RCL']"
495,0.0,0.0,0,0.02333333333333333,0.01,0.9923337332747688,"['NCLH', 'RCL']"
496,0.0,0.0,0,0.02333333333333333,0.015,0.9923337332747688,"['NCLH', 'RCL']"
497,0.0,0.0,0,0.02333333333333333,0.02,0.9923337332747688,"['NCLH', 'RCL']"
498,0.0,0.0,0,0.027777777777777776,0.0,0.9923337332747688,"['NCLH', 'RCL']"
499,0.0,0.0,0,0.027777777777777776,0.005,0.9923337332747688,"['NCLH', 'RCL']"
500,0.0,0.0,0,0.027777777777777776,0.01,0.9923337332747688,"['NCLH', 'RCL']"
501,0.0,0.0,0,0.027777777777777776,0.015,0.9923337332747688,"['NCLH', 'RCL']"
502,0.0,0.0,0,0.027777777777777776,0.02,0.9923337332747688,"['NCLH', 'RCL']"
503,0.0,0.0,0,0.03222222222222222,0.0,0.9923337332747688,"['NCLH', 'RCL']"
504,0.0,0.0,0,0.03222222222222222,0.005,0.9923337332747688,"['NCLH', 'RCL']"
505,0.0,0.0,0,0.03222222222222222,0.01,0.9923337332747688,"['NCLH', 'RCL']"
506,0.0,0.0,0,0.03222222222222222,0.015,0.9923337332747688,"['NCLH', 'RCL']"
507,0.0,0.0,0,0.03222222222222222,0.02,0.9923337332747688,"['NCLH', 'RCL']"
508,0.0,0.0,0,0.03666666666666667,0.0,0.9923337332747688,"['NCLH', 'RCL']"
509,0.0,0.0,0,0.03666666666666667,0.005,0.9923337332747688,"['NCLH', 'RCL']"
510,0.0,0.0,0,0.03666666666666667,0.01,0.9923337332747688,"['NCLH', 'RCL']"
511,0.0,0.0,0,0.03666666666666667,0.015,0.9923337332747688,"['NCLH', 'RCL']"
512,0.0,0.0,0,0.03666666666666667,0.02,0.9923337332747688,"['NCLH', 'RCL']"
513,0.0,0.0,0,0.04111111111111111,0.0,0.9923337332747688,"['NCLH', 'RCL']"
514,0.0,0.0,0,0.04111111111111111,0.005,0.9923337332747688,"['NCLH', 'RCL']"
515,0.0,0.0,0,0.04111111111111111,0.01,0.9923337332747688,"['NCLH', 'RCL']"
516,0.0,0.0,0,0.04111111111111111,0.015,0.9923337332747688,"['NCLH', 'RCL']"
517,0.0,0.0,0,0.04111111111111111,0.02,0.9923337332747688,"['NCLH', 'RCL']"
518,0.0,0.0,0,0.04555555555555556,0.0,0.9923337332747688,"['NCLH', 'RCL']"
519,0.0,0.0,0,0.04555555555555556,0.005,0.9923337332747688,"['NCLH', 'RCL']"
520,0.0,0.0,0,0.04555555555555556,0.01,0.9923337332747688,"['NCLH', 'RCL']"
521,0.0,0.0,0,0.04555555555555556,0.015,0.9923337332747688,"['NCLH', 'RCL']"
522,0.0,0.0,0,0.04555555555555556,0.02,0.9923337332747688,"['NCLH', 'RCL']"
523,0.0,0.0,0,0.05,0.0,0.9923337332747688,"['NCLH', 'RCL']"
524,0.0,0.0,0,0.05,0.005,0.9923337332747688,"['NCLH', 'RCL']"
525,0.0,0.0,0,0.05,0.01,0.9923337332747688,"['NCLH', 'RCL']"
526,0.0,0.0,0,0.05,0.015,0.9923337332747688,"['NCLH', 'RCL']"
527,0.0,0.0,0,0.05,0.02,0.9923337332747688,"['NCLH', 'RCL']"
528,0.0,,0,0.01,0.0,0.9927636091931434,"['REG', 'FRT']"
529,0.0,,0,0.01,0.005,0.9927636091931434,"['REG', 'FRT']"
530,0.0,,0,0.014444444444444444,0.0,0.9927636091931434,"['REG', 'FRT']"
531,0.0,,0,0.014444444444444444,0.005,0.9927636091931434,"['REG', 'FRT']"
532,0.0,,0,0.014444444444444444,0.01,0.9927636091931434,"['REG', 'FRT']"
533,0.0,,0,0.01888888888888889,0.0,0.9927636091931434,"['REG', 'FRT']"
534,0.0,,0,0.01888888888888889,0.005,0.9927636091931434,"['REG', 'FRT']"
535,0.0,,0,0.01888888888888889,0.01,0.9927636091931434,"['REG', 'FRT']"
536,0.0,,0,0.01888888888888889,0.015,0.9927636091931434,"['REG', 'FRT']"
537,0.0,,0,0.02333333333333333,0.0,0.9927636091931434,"['REG', 'FRT']"
538,0.0,,0,0.02333333333333333,0.005,0.9927636091931434,"['REG', 'FRT']"
539,0.0,,0,0.02333333333333333,0.01,0.9927636091931434,"['REG', 'FRT']"
540,0.0,,0,0.02333333333333333,0.015,0.9927636091931434,"['REG', 'FRT']"
541,0.0,,0,0.02333333333333333,0.02,0.9927636091931434,"['REG', 'FRT']"
542,0.0,,0,0.027777777777777776,0.0,0.9927636091931434,"['REG', 'FRT']"
543,0.0,,0,0.027777777777777776,0.005,0.9927636091931434,"['REG', 'FRT']"
544,0.0,,0,0.027777777777777776,0.01,0.9927636091931434,"['REG', 'FRT']"
545,0.0,,0,0.027777777777777776,0.015,0.9927636091931434,"['REG', 'FRT']"
546,0.0,,0,0.027777777777777776,0.02,0.9927636091931434,"['REG', 'FRT']"
547,0.0,,0,0.03222222222222222,0.0,0.9927636091931434,"['REG', 'FRT']"
548,0.0,,0,0.03222222222222222,0.005,0.9927636091931434,"['REG', 'FRT']"
549,0.0,,0,0.03222222222222222,0.01,0.9927636091931434,"['REG', 'FRT']"
550,0.0,,0,0.03222222222222222,0.015,0.9927636091931434,"['REG', 'FRT']"
551,0.0,,0,0.03222222222222222,0.02,0.9927636091931434,"['REG', 'FRT']"
552,0.0,,0,0.03666666666666667,0.0,0.9927636091931434,"['REG', 'FRT']"
553,0.0,,0,0.03666666666666667,0.005,0.9927636091931434,"['REG', 'FRT']"
554,0.0,,0,0.03666666666666667,0.01,0.9927636091931434,"['REG', 'FRT']"
555,0.0,,0,0.03666666666666667,0.015,0.9927636091931434,"['REG', 'FRT']"
556,0.0,,0,0.03666666666666667,0.02,0.9927636091931434,"['REG', 'FRT']"
557,0.0,,0,0.04111111111111111,0.0,0.9927636091931434,"['REG', 'FRT']"
558,0.0,,0,0.04111111111111111,0.005,0.9927636091931434,"['REG', 'FRT']"
559,0.0,,0,0.04111111111111111,0.01,0.9927636091931434,"['REG', 'FRT']"
560,0.0,,0,0.04111111111111111,0.015,0.9927636091931434,"['REG', 'FRT']"
561,0.0,,0,0.04111111111111111,0.02,0.9927636091931434,"['REG', 'FRT']"
562,0.0,,0,0.04555555555555556,0.0,0.9927636091931434,"['REG', 'FRT']"
563,0.0,,0,0.04555555555555556,0.005,0.9927636091931434,"['REG', 'FRT']"
564,0.0,,0,0.04555555555555556,0.01,0.9927636091931434,"['REG', 'FRT']"
565,0.0,,0,0.04555555555555556,0.015,0.9927636091931434,"['REG', 'FRT']"
566,0.0,,0,0.04555555555555556,0.02,0.9927636091931434,"['REG', 'FRT']"
567,0.0,,0,0.05,0.0,0.9927636091931434,"['REG', 'FRT']"
568,0.0,,0,0.05,0.005,0.9927636091931434,"['REG', 'FRT']"
569,0.0,,0,0.05,0.01,0.9927636091931434,"['REG', 'FRT']"
570,0.0,,0,0.05,0.015,0.9927636091931434,"['REG', 'FRT']"
571,0.0,,0,0.05,0.02,0.9927636091931434,"['REG', 'FRT']"
572,3.950859254922058,4.875948603772865,1,0.01,0.0,0.9900630352302187,"['SYF', 'DFS']"
573,21.658551061555208,26.729876969615514,40,0.01,0.005,0.9900630352302187,"['SYF', 'DFS']"
574,4.1202916972814165,5.0850534661459585,1,0.014444444444444444,0.0,0.9900630352302187,"['SYF', 'DFS']"
575,26.0947691437298,32.204830636178826,28,0.014444444444444444,0.005,0.9900630352302187,"['SYF', 'DFS']"
576,26.527366339076927,32.7387199889876,48,0.014444444444444444,0.01,0.9900630352302187,"['SYF', 'DFS']"
577,-2.080306835066864,-2.5674083922950404,1,0.01888888888888889,0.0,0.9900630352302187,"['SYF', 'DFS']"
578,18.809472205128294,23.21368943275838,15,0.01888888888888889,0.005,0.9900630352302187,"['SYF', 'DFS']"
579,19.903143396761244,24.56344253094473,23,0.01888888888888889,0.01,0.9900630352302187,"['SYF', 'DFS']"
580,24.27178639815171,29.95499848588653,47,0.01888888888888889,0.015,0.9900630352302187,"['SYF', 'DFS']"
581,-1.8592426698099231,-2.2945822958994455,1,0.02333333333333333,0.0,0.9900630352302187,"['SYF', 'DFS']"
582,18.379650072294986,22.683224920298645,12,0.02333333333333333,0.005,0.9900630352302187,"['SYF', 'DFS']"
583,19.221946323717965,23.722743912521015,17,0.02333333333333333,0.01,0.9900630352302187,"['SYF', 'DFS']"
584,17.91659450875182,22.111745405882964,23,0.02333333333333333,0.015,0.9900630352302187,"['SYF', 'DFS']"
585,27.26494931907387,33.649007212457335,66,0.02333333333333333,0.02,0.9900630352302187,"['SYF', 'DFS']"
586,-1.6018438513712852,-1.9769138272454228,1,0.027777777777777776,0.0,0.9900630352302187,"['SYF', 'DFS']"
587,22.09462976204896,27.268063018171556,12,0.027777777777777776,0.005,0.9900630352302187,"['SYF', 'DFS']"
588,20.472194365565905,25.265736158175812,14,0.027777777777777776,0.01,0.9900630352302187,"['SYF', 'DFS']"
589,19.63743261034535,24.235515856154205,18,0.027777777777777776,0.015,0.9900630352302187,"['SYF', 'DFS']"
590,27.075296644132415,33.41494757228399,35,0.027777777777777776,0.02,0.9900630352302187,"['SYF', 'DFS']"
591,-1.450585903083713,-1.7902389967402583,1,0.03222222222222222,0.0,0.9900630352302187,"['SYF', 'DFS']"
592,21.097474065043187,26.03742441151854,10,0.03222222222222222,0.005,0.9900630352302187,"['SYF', 'DFS']"
593,20.617736725753076,25.44535710191364,12,0.03222222222222222,0.01,0.9900630352302187,"['SYF', 'DFS']"
594,19.405050417384857,23.94872162831737,15,0.03222222222222222,0.015,0.9900630352302187,"['SYF', 'DFS']"
595,26.515978228295538,32.72466536459293,25,0.03222222222222222,0.02,0.9900630352302187,"['SYF', 'DFS']"
596,-1.2207231555880256,-1.5065541397525848,1,0.03666666666666667,0.0,0.9900630352302187,"['SYF', 'DFS']"
597,24.65171646539752,30.42388876047949,10,0.03666666666666667,0.005,0.9900630352302187,"['SYF', 'DFS']"
598,19.805962689295377,24.443507067718215,10,0.03666666666666667,0.01,0.9900630352302187,"['SYF', 'DFS']"
599,20.40569395360101,25.183664747895477,13,0.03666666666666667,0.015,0.9900630352302187,"['SYF', 'DFS']"
600,23.201918703066575,28.634622446782355,17,0.03666666666666667,0.02,0.9900630352302187,"['SYF', 'DFS']"
601,-0.990159896283501,-1.222004746886552,1,0.04111111111111111,0.0,0.9900630352302187,"['SYF', 'DFS']"
602,21.466504928719516,26.492863446014642,8,0.04111111111111111,0.005,0.9900630352302187,"['SYF', 'DFS']"
603,17.418126759399286,21.496561981301763,8,0.04111111111111111,0.01,0.9900630352302187,"['SYF', 'DFS']"
604,18.684436428579573,23.059376666662025,10,0.04111111111111111,0.015,0.9900630352302187,"['SYF', 'DFS']"
605,19.87506507683925,24.528789703297335,12,0.04111111111111111,0.02,0.9900630352302187,"['SYF', 'DFS']"
606,-0.754116460074961,-0.9306919997222683,1,0.04555555555555556,0.0,0.9900630352302187,"['SYF', 'DFS']"
607,23.09752833037591,28.505789183148817,7,0.04555555555555556,0.005,0.9900630352302187,"['SYF', 'DFS']"
608,18.99925406741429,23.44790850935089,7,0.04555555555555556,0.01,0.9900630352302187,"['SYF', 'DFS']"
609,22.387514691971916,27.629526632281525,9,0.04555555555555556,0.015,0.9900630352302187,"['SYF', 'DFS']"
610,24.42814964573362,30.147974015900303,11,0.04555555555555556,0.02,0.9900630352302187,"['SYF', 'DFS']"
611,-0.42928457176094525,-0.5298010820535561,1,0.05,0.0,0.9900630352302187,"['SYF', 'DFS']"
612,25.778342668320583,31.814313249601163,7,0.05,0.005,0.9900630352302187,"['SYF', 'DFS']"
613,21.582583480502784,26.63612166301908,7,0.05,0.01,0.9900630352302187,"['SYF', 'DFS']"
614,22.43436612285646,27.687348274174152,8,0.05,0.015,0.9900630352302187,"['SYF', 'DFS']"
615,25.139831126300493,31.026294932338395,10,0.05,0.02,0.9900630352302187,"['SYF', 'DFS']"
616,0.0,0.0,0,0.01,0.0,0.9922395945327742,"['USB', 'HBAN']"
617,0.0,0.0,0,0.01,0.005,0.9922395945327742,"['USB', 'HBAN']"
618,0.0,0.0,0,0.014444444444444444,0.0,0.9922395945327742,"['USB', 'HBAN']"
619,0.0,0.0,0,0.014444444444444444,0.005,0.9922395945327742,"['USB', 'HBAN']"
620,0.0,0.0,0,0.014444444444444444,0.01,0.9922395945327742,"['USB', 'HBAN']"
621,0.0,0.0,0,0.01888888888888889,0.0,0.9922395945327742,"['USB', 'HBAN']"
622,0.0,0.0,0,0.01888888888888889,0.005,0.9922395945327742,"['USB', 'HBAN']"
623,0.0,0.0,0,0.01888888888888889,0.01,0.9922395945327742,"['USB', 'HBAN']"
624,0.0,0.0,0,0.01888888888888889,0.015,0.9922395945327742,"['USB', 'HBAN']"
625,0.0,0.0,0,0.02333333333333333,0.0,0.9922395945327742,"['USB', 'HBAN']"
626,0.0,0.0,0,0.02333333333333333,0.005,0.9922395945327742,"['USB', 'HBAN']"
627,0.0,0.0,0,0.02333333333333333,0.01,0.9922395945327742,"['USB', 'HBAN']"
628,0.0,0.0,0,0.02333333333333333,0.015,0.9922395945327742,"['USB', 'HBAN']"
629,0.0,0.0,0,0.02333333333333333,0.02,0.9922395945327742,"['USB', 'HBAN']"
630,0.0,0.0,0,0.027777777777777776,0.0,0.9922395945327742,"['USB', 'HBAN']"
631,0.0,0.0,0,0.027777777777777776,0.005,0.9922395945327742,"['USB', 'HBAN']"
632,0.0,0.0,0,0.027777777777777776,0.01,0.9922395945327742,"['USB', 'HBAN']"
633,0.0,0.0,0,0.027777777777777776,0.015,0.9922395945327742,"['USB', 'HBAN']"
634,0.0,0.0,0,0.027777777777777776,0.02,0.9922395945327742,"['USB', 'HBAN']"
635,0.0,0.0,0,0.03222222222222222,0.0,0.9922395945327742,"['USB', 'HBAN']"
636,0.0,0.0,0,0.03222222222222222,0.005,0.9922395945327742,"['USB', 'HBAN']"
637,0.0,0.0,0,0.03222222222222222,0.01,0.9922395945327742,"['USB', 'HBAN']"
638,0.0,0.0,0,0.03222222222222222,0.015,0.9922395945327742,"['USB', 'HBAN']"
639,0.0,0.0,0,0.03222222222222222,0.02,0.9922395945327742,"['USB', 'HBAN']"
640,0.0,0.0,0,0.03666666666666667,0.0,0.9922395945327742,"['USB', 'HBAN']"
641,0.0,0.0,0,0.03666666666666667,0.005,0.9922395945327742,"['USB', 'HBAN']"
642,0.0,0.0,0,0.03666666666666667,0.01,0.9922395945327742,"['USB', 'HBAN']"
643,0.0,0.0,0,0.03666666666666667,0.015,0.9922395945327742,"['USB', 'HBAN']"
644,0.0,0.0,0,0.03666666666666667,0.02,0.9922395945327742,"['USB', 'HBAN']"
645,0.0,0.0,0,0.04111111111111111,0.0,0.9922395945327742,"['USB', 'HBAN']"
646,0.0,0.0,0,0.04111111111111111,0.005,0.9922395945327742,"['USB', 'HBAN']"
647,0.0,0.0,0,0.04111111111111111,0.01,0.9922395945327742,"['USB', 'HBAN']"
648,0.0,0.0,0,0.04111111111111111,0.015,0.9922395945327742,"['USB', 'HBAN']"
649,0.0,0.0,0,0.04111111111111111,0.02,0.9922395945327742,"['USB', 'HBAN']"
650,0.0,0.0,0,0.04555555555555556,0.0,0.9922395945327742,"['USB', 'HBAN']"
651,0.0,0.0,0,0.04555555555555556,0.005,0.9922395945327742,"['USB', 'HBAN']"
652,0.0,0.0,0,0.04555555555555556,0.01,0.9922395945327742,"['USB', 'HBAN']"
653,0.0,0.0,0,0.04555555555555556,0.015,0.9922395945327742,"['USB', 'HBAN']"
654,0.0,0.0,0,0.04555555555555556,0.02,0.9922395945327742,"['USB', 'HBAN']"
655,0.0,0.0,0,0.05,0.0,0.9922395945327742,"['USB', 'HBAN']"
656,0.0,0.0,0,0.05,0.005,0.9922395945327742,"['USB', 'HBAN']"
657,0.0,0.0,0,0.05,0.01,0.9922395945327742,"['USB', 'HBAN']"
658,0.0,0.0,0,0.05,0.015,0.9922395945327742,"['USB', 'HBAN']"
659,0.0,0.0,0,0.05,0.02,0.9922395945327742,"['USB', 'HBAN']"
660,-0.010878795066414426,-0.04548942114327588,1,0.01,0.0,0.9989729058235176,"['UAA', 'UA']"
661,5.977934950965368,24.996591891973104,28,0.01,0.005,0.9989729058235176,"['UAA', 'UA']"
662,-0.010878795066414426,-0.04548942114327588,1,0.014444444444444444,0.0,0.9989729058235176,"['UAA', 'UA']"
663,4.861050939242766,20.32636813398606,16,0.014444444444444444,0.005,0.9989729058235176,"['UAA', 'UA']"
664,7.428457507982852,31.061917240154095,44,0.014444444444444444,0.01,0.9989729058235176,"['UAA', 'UA']"
665,-0.010878795066414426,-0.04548942114327588,1,0.01888888888888889,0.0,0.9989729058235176,"['UAA', 'UA']"
666,2.200610547789287,9.201800325274041,5,0.01888888888888889,0.005,0.9989729058235176,"['UAA', 'UA']"
667,3.581105284569454,14.97430601952521,12,0.01888888888888889,0.01,0.9989729058235176,"['UAA', 'UA']"
668,6.177225821418014,25.82992189595657,34,0.01888888888888889,0.015,0.9989729058235176,"['UAA', 'UA']"
669,-0.010878795066414426,-0.04548942114327588,1,0.02333333333333333,0.0,0.9989729058235176,"['UAA', 'UA']"
670,2.029075190760688,8.484529336235367,4,0.02333333333333333,0.005,0.9989729058235176,"['UAA', 'UA']"
671,4.018034325247994,16.80131434349987,9,0.02333333333333333,0.01,0.9989729058235176,"['UAA', 'UA']"
672,4.438652160913033,18.560117754183707,14,0.02333333333333333,0.015,0.9989729058235176,"['UAA', 'UA']"
673,7.194737550411466,30.08462283257983,44,0.02333333333333333,0.02,0.9989729058235176,"['UAA', 'UA']"
674,-0.010878795066414426,-0.04548942114327588,1,0.027777777777777776,0.0,0.9989729058235176,"['UAA', 'UA']"
675,1.0365385858019138,4.334261282884858,2,0.027777777777777776,0.005,0.9989729058235176,"['UAA', 'UA']"
676,2.2847997219061185,9.553835341443104,4,0.027777777777777776,0.01,0.9989729058235176,"['UAA', 'UA']"
677,2.6106663531169776,10.916438858946174,6,0.027777777777777776,0.015,0.9989729058235176,"['UAA', 'UA']"
678,4.395683436930353,18.380445063476284,17,0.027777777777777776,0.02,0.9989729058235176,"['UAA', 'UA']"
679,-0.010878795066414426,-0.04548942114327588,1,0.03222222222222222,0.0,0.9989729058235176,"['UAA', 'UA']"
680,1.070941813815617,4.478117557246987,2,0.03222222222222222,0.005,0.9989729058235176,"['UAA', 'UA']"
681,1.5139176920283255,6.330410587615829,3,0.03222222222222222,0.01,0.9989729058235176,"['UAA', 'UA']"
682,2.5396361092484785,10.619427594599534,5,0.03222222222222222,0.015,0.9989729058235176,"['UAA', 'UA']"
683,2.886908479295256,12.071538696614075,8,0.03222222222222222,0.02,0.9989729058235176,"['UAA', 'UA']"
684,0.03307925407925083,0.13832010904976302,1,0.03666666666666667,0.0,0.9989729058235176,"['UAA', 'UA']"
685,1.4682320327647442,6.139377097071898,2,0.03666666666666667,0.005,0.9989729058235176,"['UAA', 'UA']"
686,1.1742937550234664,4.9102812252706105,2,0.03666666666666667,0.01,0.9989729058235176,"['UAA', 'UA']"
687,2.604437974090679,10.890395041148565,4,0.03666666666666667,0.015,0.9989729058235176,"['UAA', 'UA']"
688,2.583549503276135,10.803050400485617,5,0.03666666666666667,0.02,0.9989729058235176,"['UAA', 'UA']"
689,0.20379857353664477,0.8521788565195266,1,0.04111111111111111,0.0,0.9989729058235176,"['UAA', 'UA']"
690,0.4815420560747672,2.0135565798652193,1,0.04111111111111111,0.005,0.9989729058235176,"['UAA', 'UA']"
691,0.5473893261190348,2.2888953632407896,1,0.04111111111111111,0.01,0.9989729058235176,"['UAA', 'UA']"
692,2.423348204383723,10.133172504217953,3,0.04111111111111111,0.015,0.9989729058235176,"['UAA', 'UA']"
693,2.132103800954013,8.915341003361963,3,0.04111111111111111,0.02,0.9989729058235176,"['UAA', 'UA']"
694,0.20379857353664477,0.8521788565195266,1,0.04555555555555556,0.0,0.9989729058235176,"['UAA', 'UA']"
695,0.4815420560747672,2.0135565798652193,1,0.04555555555555556,0.005,0.9989729058235176,"['UAA', 'UA']"
696,0.5473893261190348,2.2888953632407896,1,0.04555555555555556,0.01,0.9989729058235176,"['UAA', 'UA']"
697,1.73376857933971,7.249711809908886,2,0.04555555555555556,0.015,0.9989729058235176,"['UAA', 'UA']"
698,1.5178811180378418,6.346983558594363,2,0.04555555555555556,0.02,0.9989729058235176,"['UAA', 'UA']"
699,0.20379857353664477,0.8521788565195266,1,0.05,0.0,0.9989729058235176,"['UAA', 'UA']"
700,0.4815420560747672,2.0135565798652193,1,0.05,0.005,0.9989729058235176,"['UAA', 'UA']"
701,0.5473893261190348,2.2888953632407896,1,0.05,0.01,0.9989729058235176,"['UAA', 'UA']"
702,1.8947924120433939,7.9230291116177884,2,0.05,0.015,0.9989729058235176,"['UAA', 'UA']"
703,1.686334778781685,7.0513685083909055,2,0.05,0.02,0.9989729058235176,"['UAA', 'UA']"
704,0.0,,0,0.01,0.0,0.9909497287674893,"['WFC', 'USB']"
705,0.0,,0,0.01,0.005,0.9909497287674893,"['WFC', 'USB']"
706,0.0,,0,0.014444444444444444,0.0,0.9909497287674893,"['WFC', 'USB']"
707,0.0,,0,0.014444444444444444,0.005,0.9909497287674893,"['WFC', 'USB']"
708,0.0,,0,0.014444444444444444,0.01,0.9909497287674893,"['WFC', 'USB']"
709,0.0,,0,0.01888888888888889,0.0,0.9909497287674893,"['WFC', 'USB']"
710,0.0,,0,0.01888888888888889,0.005,0.9909497287674893,"['WFC', 'USB']"
711,0.0,,0,0.01888888888888889,0.01,0.9909497287674893,"['WFC', 'USB']"
712,0.0,,0,0.01888888888888889,0.015,0.9909497287674893,"['WFC', 'USB']"
713,0.0,,0,0.02333333333333333,0.0,0.9909497287674893,"['WFC', 'USB']"
714,0.0,,0,0.02333333333333333,0.005,0.9909497287674893,"['WFC', 'USB']"
715,0.0,,0,0.02333333333333333,0.01,0.9909497287674893,"['WFC', 'USB']"
716,0.0,,0,0.02333333333333333,0.015,0.9909497287674893,"['WFC', 'USB']"
717,0.0,,0,0.02333333333333333,0.02,0.9909497287674893,"['WFC', 'USB']"
718,0.0,,0,0.027777777777777776,0.0,0.9909497287674893,"['WFC', 'USB']"
719,0.0,,0,0.027777777777777776,0.005,0.9909497287674893,"['WFC', 'USB']"
720,0.0,,0,0.027777777777777776,0.01,0.9909497287674893,"['WFC', 'USB']"
721,0.0,,0,0.027777777777777776,0.015,0.9909497287674893,"['WFC', 'USB']"
722,0.0,,0,0.027777777777777776,0.02,0.9909497287674893,"['WFC', 'USB']"
723,0.0,,0,0.03222222222222222,0.0,0.9909497287674893,"['WFC', 'USB']"
724,0.0,,0,0.03222222222222222,0.005,0.9909497287674893,"['WFC', 'USB']"
725,0.0,,0,0.03222222222222222,0.01,0.9909497287674893,"['WFC', 'USB']"
726,0.0,,0,0.03222222222222222,0.015,0.9909497287674893,"['WFC', 'USB']"
727,0.0,,0,0.03222222222222222,0.02,0.9909497287674893,"['WFC', 'USB']"
728,0.0,,0,0.03666666666666667,0.0,0.9909497287674893,"['WFC', 'USB']"
729,0.0,,0,0.03666666666666667,0.005,0.9909497287674893,"['WFC', 'USB']"
730,0.0,,0,0.03666666666666667,0.01,0.9909497287674893,"['WFC', 'USB']"
731,0.0,,0,0.03666666666666667,0.015,0.9909497287674893,"['WFC', 'USB']"
732,0.0,,0,0.03666666666666667,0.02,0.9909497287674893,"['WFC', 'USB']"
733,0.0,,0,0.04111111111111111,0.0,0.9909497287674893,"['WFC', 'USB']"
734,0.0,,0,0.04111111111111111,0.005,0.9909497287674893,"['WFC', 'USB']"
735,0.0,,0,0.04111111111111111,0.01,0.9909497287674893,"['WFC', 'USB']"
736,0.0,,0,0.04111111111111111,0.015,0.9909497287674893,"['WFC', 'USB']"
737,0.0,,0,0.04111111111111111,0.02,0.9909497287674893,"['WFC', 'USB']"
738,0.0,,0,0.04555555555555556,0.0,0.9909497287674893,"['WFC', 'USB']"
739,0.0,,0,0.04555555555555556,0.005,0.9909497287674893,"['WFC', 'USB']"
740,0.0,,0,0.04555555555555556,0.01,0.9909497287674893,"['WFC', 'USB']"
741,0.0,,0,0.04555555555555556,0.015,0.9909497287674893,"['WFC', 'USB']"
742,0.0,,0,0.04555555555555556,0.02,0.9909497287674893,"['WFC', 'USB']"
743,0.0,,0,0.05,0.0,0.9909497287674893,"['WFC', 'USB']"
744,0.0,,0,0.05,0.005,0.9909497287674893,"['WFC', 'USB']"
745,0.0,,0,0.05,0.01,0.9909497287674893,"['WFC', 'USB']"
746,0.0,,0,0.05,0.015,0.9909497287674893,"['WFC', 'USB']"
747,0.0,,0,0.05,0.02,0.9909497287674893,"['WFC', 'USB']"
